{"id":"session-2021-01-01_17-59-55-workplace.json","name":"","version":"","things":[],"places":[{"id":"TS-3f2d3334-0a33-4a65-9804-ee9d485de016","name":"","detectable":"WA-3f2d3334-0a33-4a65-9804-ee9d485de016","type":"","pois":[],"sensor":""},{"id":"TS-cbfd3e06-ffcb-4b9d-af82-a2f3ec777259","name":"","detectable":"WA-cbfd3e06-ffcb-4b9d-af82-a2f3ec777259","type":"","pois":[{"id":"AN-678b90f7-7cf1-42c2-83a5-5a047ecb5576","x_offset":0.7410354614257813,"y_offset":0.17683769762516023,"z_offset":1.3203225135803223,"offset":"0.7410355, 0.1768377, 1.320323","rotation":"0, 0, 0"}],"sensor":""}],"persons":[],"sensors":[],"devices":[],"apps":[],"detectables":[{"id":"WA-3f2d3334-0a33-4a65-9804-ee9d485de016","sensor":"","type":"anchor","url":"","origin_position":"-4.38472, 0.08652724, 0.04860445","origin_rotation":"0, 0, 0"},{"id":"WA-cbfd3e06-ffcb-4b9d-af82-a2f3ec777259","sensor":"","type":"anchor","url":"","origin_position":"-4.68, 0, 0","origin_rotation":"-4.68, 0, 0"}],"predicates":[],"warnings":[],"hazards":[]}