{"apps":[],"detectables":[{"id":"WA-bb1a5ade-d44c-440d-ab66-cfded88669f2","origin_position":"-0,5067287, -0,8792365, 1,818819","origin_rotation":"0, 0, 0","sensor":"","type":"anchor","url":""},{"id":"WA-08d7bbf5-af8f-4f3d-a00d-1744f7bbd305","origin_position":"-0,3377391, -0,818551, 1,274417","origin_rotation":"0, 0, 0","sensor":"","type":"anchor","url":""},{"id":"WA-7eff2271-213f-44f0-a51d-bcca8e8eca16","origin_position":"-0,2843152, 0,2733632, 1,319336","origin_rotation":"0, 0, 0","sensor":"","type":"anchor","url":""},{"id":"WA-c0937f1e-ae6e-42c4-8359-4b0b073cab84","origin_position":"-0,437054, 0,2613915, 1,192584","origin_rotation":"0, 0, 0","sensor":"","type":"anchor","url":""}],"devices":[],"hazards":[],"id":"session-2020-09-28_07-41-18-workplace.json","name":"unnamed","persons":[],"places":[{"detectable":"WA-bb1a5ade-d44c-440d-ab66-cfded88669f2","id":"TS-bb1a5ade-d44c-440d-ab66-cfded88669f2","name":"","pois":[{"id":"AN-cce68e16-7315-4739-a432-7039d6274f3b","offset":"0,02144441, -0,03120065, -0,1458249","rotation":"0, 265,3072, 0","x_offset":0.02144441,"y_offset":-0.0312006474,"z_offset":-0.145824909},{"id":"AN-81b849a8-4b71-4cec-931c-703f671bb239","offset":"0,02144441, -0,03120065, -0,1458249","rotation":"0, 265,3072, 0","x_offset":0.02144441,"y_offset":-0.0312006474,"z_offset":-0.145824909},{"id":"AN-c23b9ad7-bf17-481a-8e29-1814e2e03d58","offset":"0,02144441, -0,03120065, -0,1458249","rotation":"0, 265,3072, 0","x_offset":0.02144441,"y_offset":-0.0312006474,"z_offset":-0.145824909}],"sensor":"","type":""},{"detectable":"WA-08d7bbf5-af8f-4f3d-a00d-1744f7bbd305","id":"TS-08d7bbf5-af8f-4f3d-a00d-1744f7bbd305","name":"","pois":[{"id":"AN-f2f8342a-a017-46f5-a1e8-a5ab88d24343","offset":"-0,0183596, -0,01427072, 0,1455119","rotation":"0, 90,3, 0","x_offset":-0.0183596015,"y_offset":-0.0142707229,"z_offset":0.145511866},{"id":"AN-12c6980f-34ef-4029-b9f8-3afae0e4facc","offset":"-0,0183596, -0,01427072, 0,1455119","rotation":"0, 90,3, 0","x_offset":-0.0183596015,"y_offset":-0.0142707229,"z_offset":0.145511866},{"id":"AN-32effff6-d028-4d8b-b832-997ffb5eb039","offset":"-0,0183596, -0,01427072, 0,1455119","rotation":"0, 90,3, 0","x_offset":-0.0183596015,"y_offset":-0.0142707229,"z_offset":0.145511866}],"sensor":"","type":""},{"detectable":"WA-7eff2271-213f-44f0-a51d-bcca8e8eca16","id":"TS-7eff2271-213f-44f0-a51d-bcca8e8eca16","name":"","pois":[],"sensor":"","type":""},{"detectable":"WA-c0937f1e-ae6e-42c4-8359-4b0b073cab84","id":"TS-c0937f1e-ae6e-42c4-8359-4b0b073cab84","name":"","pois":[],"sensor":"","type":""}],"predicates":[],"sensors":[],"things":[],"version":"","warnings":[]}