{"id":"session-2021-01-13_11-19-34-workplace.json","name":"","version":"","things":[],"places":[{"id":"TS-98a52b55-2ff7-493c-8352-238df0cb30d2","name":"","detectable":"WA-98a52b55-2ff7-493c-8352-238df0cb30d2","type":"","pois":[],"sensor":""},{"id":"TS-05ab8bbb-f5ce-441f-81ec-224c1c08ad7b","name":"","detectable":"WA-05ab8bbb-f5ce-441f-81ec-224c1c08ad7b","type":"","pois":[],"sensor":""}],"persons":[],"sensors":[],"devices":[],"apps":[],"detectables":[{"id":"WA-98a52b55-2ff7-493c-8352-238df0cb30d2","sensor":"","type":"anchor","url":"","origin_position":"-4.68, 0, 0","origin_rotation":"-4.68, 0, 0"},{"id":"WA-05ab8bbb-f5ce-441f-81ec-224c1c08ad7b","sensor":"","type":"anchor","url":"","origin_position":"-4.68, 0, 0","origin_rotation":"-4.68, 0, 0"}],"predicates":[],"warnings":[],"hazards":[]}