{"id":"session-2020-09-29_09-28-04-workplace.json","name":"unnamed","version":"","things":[],"places":[{"id":"TS-481fcae8-5db3-45dd-bf8f-9933c2c448b6","name":"","detectable":"WA-481fcae8-5db3-45dd-bf8f-9933c2c448b6","type":"","pois":[{"id":"AN-03f76d0f-592a-4c16-b7e3-496ee062aa16","x_offset":-0.143225566,"y_offset":-0.04429315,"z_offset":0.00495547056,"offset":"-0.1432256, -0.04429315, 0.004955471","rotation":"0, 9.048014, 0"},{"id":"AN-dd1af0b5-b394-488a-9fbb-4417e28bc894","x_offset":-0.143225566,"y_offset":-0.04429315,"z_offset":0.00495547056,"offset":"-0.1432256, -0.04429315, 0.004955471","rotation":"0, 9.048014, 0"},{"id":"AN-33605090-031e-45c7-93fb-e1fa79e9f8b2","x_offset":-0.143225566,"y_offset":-0.04429315,"z_offset":0.00495547056,"offset":"-0.1432256, -0.04429315, 0.004955471","rotation":"0, 9.048014, 0"}],"sensor":""},{"id":"TS-91c36a7f-8c42-44de-bf74-b7842543ad52","name":"","detectable":"WA-91c36a7f-8c42-44de-bf74-b7842543ad52","type":"","pois":[],"sensor":""}],"persons":[],"sensors":[],"devices":[],"apps":[],"detectables":[{"id":"WA-481fcae8-5db3-45dd-bf8f-9933c2c448b6","sensor":"","type":"anchor","url":"","origin_position":"-0.002864685, -0.09221274, 0.2044054","origin_rotation":"0, 0, 0"},{"id":"WA-91c36a7f-8c42-44de-bf74-b7842543ad52","sensor":"","type":"anchor","url":"","origin_position":"-0.1004885, -0.1445373, 0.1512635","origin_rotation":"0, 0, 0"}],"predicates":[],"warnings":[],"hazards":[]}