{"id":"session-2020-10-14_08-30-42-workplace.json","name":"unnamed","version":"","things":[],"places":[{"id":"TS-66074e00-cf20-471e-b474-9608a9c32296","name":"","detectable":"WA-66074e00-cf20-471e-b474-9608a9c32296","type":"","pois":[{"id":"AN-e781e833-126d-4d08-8bc9-726b63862911","x_offset":7.243080139160156,"y_offset":6.790225028991699,"z_offset":-2.0581417083740236,"offset":"7.24308, 6.790225, -2.058142","rotation":"0, 0, 0"}],"sensor":""},{"id":"TS-43dee0be-8c89-4c4a-9b24-1b3177056101","name":"","detectable":"WA-43dee0be-8c89-4c4a-9b24-1b3177056101","type":"","pois":[{"id":"AN-501e7d9f-49bf-4113-8194-eecc0fd7f69a","x_offset":1.2081607580184937,"y_offset":2.1415763606924544e-10,"z_offset":1.960040807723999,"offset":"1.208161, 2.141576E-10, 1.960041","rotation":"0, 0, 0"}],"sensor":""},{"id":"TS-94334902-f377-4732-9b41-40b9b50c397b","name":"","detectable":"WA-94334902-f377-4732-9b41-40b9b50c397b","type":"","pois":[],"sensor":""}],"persons":[],"sensors":[],"devices":[],"apps":[],"detectables":[{"id":"WA-66074e00-cf20-471e-b474-9608a9c32296","sensor":"","type":"anchor","url":"","origin_position":"0.2022032, -1.204366, 1.31541","origin_rotation":"359.9614, 0.008426917, 0.003720221"},{"id":"WA-43dee0be-8c89-4c4a-9b24-1b3177056101","sensor":"","type":"anchor","url":"","origin_position":"7.435379, 7.621889, -1.031452","origin_rotation":"7.435379, 7.621889, -1.031452"},{"id":"WA-94334902-f377-4732-9b41-40b9b50c397b","sensor":"","type":"anchor","url":"","origin_position":"7.435379, 7.621889, -1.031452","origin_rotation":"7.435379, 7.621889, -1.031452"}],"predicates":[],"warnings":[],"hazards":[]}