{"id":"session-2020-12-13_12-45-53-workplace.json","name":"","version":"","things":[],"places":[{"id":"TS-bb4fdcc2-e97a-491f-9cc5-de9602473145","name":"","detectable":"WA-bb4fdcc2-e97a-491f-9cc5-de9602473145","type":"","pois":[{"id":"AN-75f6f2f3-02a6-46bd-8fba-89cb2141d06c","x_offset":0.9660536646842957,"y_offset":-6.853044354215854e-9,"z_offset":1.5940088033676148,"offset":"0.9660537, -6.853044E-09, 1.594009","rotation":"0, 0, 0"},{"id":"AN-5b48ed10-ec97-44c2-9eb5-fb5f4ce10529","x_offset":0.4517192244529724,"y_offset":-0.3359592854976654,"z_offset":2.3116416931152345,"offset":"0.4517192, -0.3359593, 2.311642","rotation":"0, 0, 0"}],"sensor":""},{"id":"TS-5fd226e8-a1e8-43e8-a901-5a80caad6fb8","name":"","detectable":"WA-5fd226e8-a1e8-43e8-a901-5a80caad6fb8","type":"","pois":[],"sensor":""}],"persons":[],"sensors":[],"devices":[],"apps":[],"detectables":[{"id":"WA-bb4fdcc2-e97a-491f-9cc5-de9602473145","sensor":"","type":"anchor","url":"","origin_position":"-4.68, 0, 0","origin_rotation":"-4.68, 0, 0"},{"id":"WA-5fd226e8-a1e8-43e8-a901-5a80caad6fb8","sensor":"","type":"anchor","url":"","origin_position":"-4.68, 0, 0","origin_rotation":"-4.68, 0, 0"}],"predicates":[],"warnings":[],"hazards":[]}