{"id":"session-2021-01-14_18-57-03-workplace.json","name":"","version":"","things":[],"places":[{"id":"TS-69fabc3e-6bf2-40e7-ad88-1e8bd8e4d567","name":"","detectable":"WA-69fabc3e-6bf2-40e7-ad88-1e8bd8e4d567","type":"","pois":[],"sensor":""},{"id":"TS-bdaf2c44-7dac-44b0-bc6b-55f7717bcb59","name":"","detectable":"WA-bdaf2c44-7dac-44b0-bc6b-55f7717bcb59","type":"","pois":[{"id":"AN-60fd0dde-00ff-4e75-8674-1f8522c156cc","x_offset":0.6597073078155518,"y_offset":0.17340686917304994,"z_offset":0.2746649980545044,"offset":"0.6597073, 0.1734069, 0.274665","rotation":"0, 0, 0"}],"sensor":""}],"persons":[],"sensors":[],"devices":[],"apps":[],"detectables":[{"id":"WA-69fabc3e-6bf2-40e7-ad88-1e8bd8e4d567","sensor":"","type":"anchor","url":"","origin_position":"-4.580648, -0.04793565, -0.04815532","origin_rotation":"0, 0, 0"},{"id":"WA-bdaf2c44-7dac-44b0-bc6b-55f7717bcb59","sensor":"","type":"anchor","url":"","origin_position":"-4.68, 0, 0","origin_rotation":"-4.68, 0, 0"}],"predicates":[],"warnings":[],"hazards":[]}