{"id":"session-2020-12-27_11-06-00-workplace.json","name":"","version":"","things":[],"places":[{"id":"TS-1fbabbbd-be75-4410-a522-c5daa803e761","name":"","detectable":"WA-1fbabbbd-be75-4410-a522-c5daa803e761","type":"","pois":[{"id":"AN-027224fd-5a5f-4b8b-9736-c38216a65744","x_offset":0.7951660752296448,"y_offset":0.3446351885795593,"z_offset":0.15152296423912049,"offset":"0.7951661, 0.3446352, 0.151523","rotation":"0, 0, 0"}],"sensor":""}],"persons":[],"sensors":[],"devices":[],"apps":[],"detectables":[{"id":"WA-1fbabbbd-be75-4410-a522-c5daa803e761","sensor":"","type":"anchor","url":"","origin_position":"-4.68, 0, 0","origin_rotation":"-4.68, 0, 0"}],"predicates":[],"warnings":[],"hazards":[]}