{"id":"session-2021-01-14_18-46-52-workplace.json","name":"","version":"","things":[],"places":[{"id":"TS-a59622ce-cb67-484c-9b7e-190eaff78dbb","name":"","detectable":"WA-a59622ce-cb67-484c-9b7e-190eaff78dbb","type":"","pois":[],"sensor":""},{"id":"TS-6f687eb9-5b20-4b54-a257-146ef4407b0a","name":"","detectable":"WA-6f687eb9-5b20-4b54-a257-146ef4407b0a","type":"","pois":[{"id":"AN-115f2b50-fd53-4d3c-89a3-daf977d15c40","x_offset":0.47544676065444949,"y_offset":0.31488391757011416,"z_offset":0.533245861530304,"offset":"0.4754468, 0.3148839, 0.5332459","rotation":"0, 0, 0"}],"sensor":""}],"persons":[],"sensors":[],"devices":[],"apps":[],"detectables":[{"id":"WA-a59622ce-cb67-484c-9b7e-190eaff78dbb","sensor":"","type":"anchor","url":"","origin_position":"-4.5406, 0.04829942, 0.02076797","origin_rotation":"0, 0, 0"},{"id":"WA-6f687eb9-5b20-4b54-a257-146ef4407b0a","sensor":"","type":"anchor","url":"","origin_position":"-4.68, 0, 0","origin_rotation":"-4.68, 0, 0"}],"predicates":[],"warnings":[],"hazards":[]}