{"id":"session-2020-10-08_13-26-25-workplace.json","name":"unnamed","version":"","things":[],"places":[{"id":"TS-bf92b83d-514d-4e6e-9a7c-4dd99bbf724c","name":"","detectable":"WA-bf92b83d-514d-4e6e-9a7c-4dd99bbf724c","type":"","pois":[{"id":"AN-43456ecb-e7b9-422f-a587-2bbdd8a492ce","x_offset":-0.00735842157,"y_offset":0.000957048,"z_offset":0.000692302,"offset":"-0.007358422, 0.000957048, 0.000692302","rotation":"0, 357.6557, 0"}],"sensor":""},{"id":"TS-96c4bf6b-7501-4d6c-925f-508572af2cc9","name":"","detectable":"WA-96c4bf6b-7501-4d6c-925f-508572af2cc9","type":"","pois":[{"id":"AN-be8fd89a-37e6-4ac6-a0d6-c1dff0bbf851","x_offset":-0.00718359,"y_offset":-0.00130622985,"z_offset":-0.00171458721,"offset":"-0.00718359, -0.00130623, -0.001714587","rotation":"0, 1.392958, 0"},{"id":"AN-18aa742a-312a-4b54-8a47-c2239fe20b6e","x_offset":-0.00718359,"y_offset":-0.00130622985,"z_offset":-0.00171458721,"offset":"-0.00718359, -0.00130623, -0.001714587","rotation":"0, 1.392958, 0"},{"id":"AN-285f169e-9c7d-4e3e-84ba-5b2c3c7295d2","x_offset":-0.00718359,"y_offset":-0.00130622985,"z_offset":-0.00171458721,"offset":"-0.00718359, -0.00130623, -0.001714587","rotation":"0, 1.392958, 0"}],"sensor":""},{"id":"TS-f2562547-cf64-47f5-955f-867bf9aa15b7","name":"","detectable":"WA-f2562547-cf64-47f5-955f-867bf9aa15b7","type":"","pois":[{"id":"AN-91b48e8d-c4f3-4a86-a169-b62688d8fd29","x_offset":0.00418974459,"y_offset":0.00219806144,"z_offset":-0.00290229847,"offset":"0.004189745, 0.002198061, -0.002902298","rotation":"0, 69.69463, 0"}],"sensor":""},{"id":"TS-9ff1caee-e7e0-4669-a7a3-ab72b6bb13dc","name":"","detectable":"WA-9ff1caee-e7e0-4669-a7a3-ab72b6bb13dc","type":"","pois":[{"id":"AN-b7caff5e-f107-4888-8c4d-d3bb1e8a0755","x_offset":0.00741465529,"y_offset":-0.000189048049,"z_offset":-0.00111227,"offset":"0.007414655, -0.000189048, -0.00111227","rotation":"0, 13.27157, 0"}],"sensor":""}],"persons":[],"sensors":[],"devices":[],"apps":[],"detectables":[{"id":"WA-bf92b83d-514d-4e6e-9a7c-4dd99bbf724c","sensor":"","type":"anchor","url":"","origin_position":"-0.2162779, -1.01228, 1.239673","origin_rotation":"0, 0, 0"},{"id":"WA-96c4bf6b-7501-4d6c-925f-508572af2cc9","sensor":"","type":"anchor","url":"","origin_position":"0.06125832, -1.005174, 0.7496063","origin_rotation":"0, 0, 0"},{"id":"WA-f2562547-cf64-47f5-955f-867bf9aa15b7","sensor":"","type":"anchor","url":"","origin_position":"0.1159899, -1.033321, 0.1967066","origin_rotation":"0, 0, 0"},{"id":"WA-9ff1caee-e7e0-4669-a7a3-ab72b6bb13dc","sensor":"","type":"anchor","url":"","origin_position":"0.2974, -1.034482, 0.02382336","origin_rotation":"0, 0, 0"}],"predicates":[],"warnings":[],"hazards":[]}